{"cameraMode":{"drawMode":0,"name":"Shaded","section":"Shading Mode"},"sceneLighting":false,"audioPlay":false,"sceneViewState":{"m_AlwaysRefresh":false,"showFog":true,"showSkybox":false,"showFlares":true,"showImageEffects":true,"showParticleSystems":true,"showVisualEffectGraphs":true,"m_FxEnabled":true},"in2DMode":false,"pivot":{"x":0.5035005211830139,"y":-2.885096788406372,"z":13.138899803161621},"rotation":{"x":-0.20506201684474946,"y":0.7674843668937683,"z":-0.29707852005958559,"w":-0.5298166871070862},"size":0.31370699405670168,"orthographic":false}